Month,Low_p05,Low_p16,Low_p50,Low_p84,Low_p95,High_p05,High_p16,High_p50,High_p84,High_p95
2026-06,59602.6593014258,64146.936379467916,70730.45524115098,77049.56545153644,81082.87969560653,72153.26255525129,75870.80128905764,82360.6213044073,90715.61000199869,97387.53736704738
2026-07,54595.40293005595,60595.564530710355,70093.2690049654,80372.48037770727,88019.47511423189,65759.52053417193,72069.2026748097,82768.51741609248,95187.24511012729,104949.23529271643
2026-08,51461.87686343194,58378.0028783854,69983.06642693162,83047.01522406975,92405.46147797625,61996.38412279404,69671.56472210077,82672.9843254282,98440.08133055634,110454.28540590884
2026-09,48638.56708011382,56391.77219829421,70118.21761997766,85028.869615834,96931.2048438351,58328.8195696072,67271.34367379494,82629.2284445641,100591.0282320833,115349.9409458243
2026-10,46366.21139772078,54941.2961470975,69783.533610655,86818.45926221977,99549.30050415733,56185.582612158505,65796.59741649579,82714.62908237672,102857.97799128783,119543.68786034756
2026-11,44680.41663337649,54092.09033849098,70269.91065383604,88422.76321205629,103222.60482844012,53885.35431789452,64817.796496120245,83493.59856631017,104684.13401348061,123001.56827654119
2026-12,43471.48026659584,53472.945313253986,71188.37045314832,89922.45530355262,105157.89270772396,52787.99301696332,64368.714519503534,84719.91364087147,106645.15105987254,125950.29917846034
2027-01,42129.608497217094,52887.17940529749,72099.96586395026,91650.51761507438,107696.21780154333,51133.95441048647,64149.26932555449,85647.63337612664,108881.74630282784,128769.62996207378
2027-02,40839.51984971885,52919.96938292471,73317.43462086827,94051.33789928314,110869.91891875766,49402.72563870756,62846.52294632077,86490.15811444906,110225.81528377006,131084.83496948853
2027-03,39716.23378205977,51798.188414371914,73536.09798194919,95106.91875468544,111815.02305291113,48458.32570754537,62830.32350868175,87958.79378178886,112864.05174219668,133111.0981470077
2027-04,38726.22361537144,51936.15864058183,74412.02052954648,96900.00340592994,114812.75894905254,47280.36875697351,62437.30611160333,88168.09102548327,114258.11256644182,136520.8550675985
2027-05,38623.675127732444,52360.577670746614,75320.9111344674,99761.98716991424,119372.58521452355,46309.84601077325,61833.67130022013,87630.15765178326,115479.31667226634,138494.32698562316
