date,p05,p16,p50_low,p50_high,p84,p95
2026-05-23,76619.8666090415,76619.8666090415,76619.8666090415,76619.8666090415,76619.8666090415,76619.8666090415
2026-05-24,73358.10029016904,74780.67933284247,76899.38344361802,77126.36187521418,79346.93151919889,80913.02947070391
2026-05-25,72146.8845375794,74204.62098399304,77221.09510777683,77545.26703599551,80640.83206157759,82903.31382312095
2026-05-26,71356.30846782908,73885.07010552895,77567.78172801463,77971.58866432396,81845.16411711033,84697.39245907846
2026-05-27,70793.80055300171,73640.69818514575,77887.55446448507,78374.11203450937,82859.59343749276,86188.6956892182
2026-05-28,70227.63831758391,73467.35165578744,78295.14414474306,78744.63344292274,83775.73990848324,87736.81224927085
2026-05-29,69906.05171961714,73240.3191849775,78663.89201967929,79210.58301276728,84784.15821489284,89073.03870580993
2026-05-30,69604.54473910188,73276.5137397894,78943.61807310786,79589.59292516229,85733.04562698722,90378.98616632374
2026-05-31,69294.51296856233,73211.21609914802,79264.20854506565,79958.95151154179,86743.79980476854,91616.0634780191
2026-06-01,69090.99047433994,73282.46146701931,79614.61804545793,80322.47397966548,87466.69965279616,92733.39087094141
2026-06-02,69048.68488319014,73322.45712129309,80016.1766820954,80789.42017482732,88378.36051344783,94070.36976870535
2026-06-03,68764.85826201769,73305.0662067112,80358.7624159923,81122.65196951223,89263.39069112476,95345.11247701927
2026-06-04,68586.09571710142,73433.48392432228,80756.31839268756,81653.5491606675,90013.92880495175,96505.29500031505
2026-06-05,68715.46094094521,73394.85015068913,81091.87197857864,82016.38862266397,90866.12457304788,97528.75322033363
2026-06-06,68372.92260489038,73546.78265532553,81524.13829329754,82455.28036440354,91668.89239185699,98671.42417139358
2026-06-07,68323.09199060938,73643.24652248896,81965.04921125277,82830.77396996153,92453.12708494336,99974.74835890194
2026-06-08,68276.19892344548,73727.39346027981,82401.79035279149,83370.32334608756,93311.89805302957,101211.39861743324
2026-06-09,68288.71201850966,73791.44340015482,82826.84827288565,83866.10218606131,94162.62283713766,102083.45760917575
2026-06-10,68189.8941203728,74010.46294469906,83375.8165794813,84309.50442042567,95041.55437893314,103307.47667247547
2026-06-11,67960.91976391888,74067.95729077629,83610.5480127581,84712.84593160872,95797.56773490053,104305.09839104605
2026-06-12,67978.0834660248,74128.11473844337,84065.77316822759,85171.94672496447,96684.04699554908,105472.56565850698
2026-06-13,68109.31986017179,74278.5677127898,84487.55238667707,85702.57924756341,97395.81381225571,106634.55400889134
2026-06-14,67955.73656275033,74455.09075933688,84762.49664707351,86012.98921387378,98105.99082367003,107913.08351621105
2026-06-15,68165.13460554916,74492.85488404946,85228.39783839499,86328.98913188772,98934.8507682309,108824.87688857703
2026-06-16,67908.6966540521,74726.83897050648,85474.53800124055,86772.37686932107,99717.98519061708,109918.57080081265
2026-06-17,67997.04242744485,74733.52185640963,85936.88509607196,87376.7073279225,100463.42932495866,110782.2223562482
2026-06-18,67934.07356788943,74999.31893755031,86326.39928855906,87661.84807891886,101474.59895560058,111630.46927545096
2026-06-19,68126.47469226764,75081.77893095194,86856.16307833487,88174.91139375024,102146.99655360519,112844.51994777193
2026-06-20,68118.46566443749,75212.52241075443,87256.20506453722,88618.3965796601,103097.17030809932,113991.84706801682
2026-06-21,68196.23792902146,75379.96561076492,87716.34289866971,89226.7289334507,103735.02023760743,115158.08198350342
2026-06-22,68119.86125068895,75567.79611375458,88046.742044173,89670.90117200385,104835.4550868099,116229.88463759345
2026-06-23,68214.76257645723,75777.1455837456,88586.02596361046,90007.81593045837,105435.31463478511,117462.65868537844
2026-06-24,68103.52679392911,76037.33514392382,88835.35085081517,90458.85265232563,106358.89895021758,118533.24124613877
2026-06-25,68217.0846879848,76214.49336759404,89235.83552272918,90871.3386409544,107017.06773629741,119322.0060147345
2026-06-26,68413.12424894629,76469.68532995903,89783.0400080069,91373.01482098088,107945.27233336699,120863.19345445448
2026-06-27,68338.15687702855,76672.13448079239,90166.99604236771,91864.80623782199,108589.00434375562,121571.06756902015
2026-06-28,68703.80670347178,76830.70225942496,90786.33341273961,92376.73970887854,109514.23407147682,122760.9232149219
2026-06-29,68487.77022482998,76980.47714466442,91365.45331625952,93003.49545691181,110249.3540027415,123804.54541817083
2026-06-30,68728.8955399026,77248.2856832749,91618.40309506914,93482.41173408007,111303.59249970932,124771.64962980077
2026-07-01,68695.02551182735,77312.48229114035,91988.06917534862,93790.1691997152,112019.79539949611,125836.8915471674
2026-07-02,68610.31061351145,77535.75307021415,92680.02415167127,94509.21068681983,112936.71867970869,126935.2639854606
2026-07-03,68985.43488646655,77808.87861107875,93071.12739129733,94925.67951223024,113517.6010214218,128079.80131036081
2026-07-04,69013.21295396778,77981.69717195991,93609.4222731537,95403.06981574926,114390.82797385428,129207.09799638153
2026-07-05,68996.13936700574,78442.42358920103,94068.50181889006,95805.07388623986,115312.46995917927,129982.73177555541
2026-07-06,68942.06122091343,78560.70382904272,94615.99736406741,96322.29905278562,116128.14094042734,131065.42825572658
2026-07-07,69062.56724439727,78711.5908368024,95009.6448774575,96796.0578474396,117064.2635280888,132271.9111798928
2026-07-08,68876.55751942168,79134.88948902344,95386.09493550497,97206.04250889411,117785.5703719848,133734.4425312385
2026-07-09,69264.55718378937,79436.39944239431,95902.121840887,97877.87025347151,118905.96877543298,135042.0737550016
2026-07-10,69600.73076807664,79590.46695851236,96246.42761851106,98294.17846836716,119742.88718700364,136160.81599079163
2026-07-11,69705.05004372228,79682.4371503571,96764.41958371499,98725.82780417621,120329.60118167888,137448.29876155787
2026-07-12,69834.16002568047,80058.88496280742,97058.48164040352,99148.40122582426,121133.35678579498,138583.6522523847
2026-07-13,69767.96906709767,80251.24427576562,97475.43217299819,99664.9529597,121919.39745820622,139677.04082082515
2026-07-14,69817.08556074346,80563.63525333241,98107.02492318352,100320.37127134153,122622.85775599728,141230.86179797506
2026-07-15,70134.62820070577,80793.35155792207,98766.05535918432,100999.53556896283,123626.3584424662,142339.56512507625
2026-07-16,70143.66488916441,80975.3163757662,99369.97051851897,101529.37145951795,124818.35575340856,143834.5184096873
2026-07-17,70167.39048625578,81201.94440995707,99706.32763092517,101950.74760673824,125913.16410245029,144987.09560790448
2026-07-18,70218.21275894601,81418.13078164698,100075.91287824871,102405.21257053291,126912.79003006832,146059.41278264442
2026-07-19,70563.93848602849,81543.01657867503,100548.73800424644,102886.69704589876,128132.48444306185,146967.94019686038
2026-07-20,70475.30610397331,81691.28253355405,101063.06930421597,103303.38538447437,128902.36136370218,148607.89543901625
2026-07-21,70414.51668331862,82009.53802049418,101697.32511158343,103877.13034007922,129721.60540023864,149891.67737672158
2026-07-22,70515.07333405294,82193.94421502812,102160.22170128653,104439.55671944447,130372.64914025764,150656.2140473483
2026-07-23,70592.7944810507,82616.48834241163,102592.99458219313,105027.37839996273,131359.27436117982,151830.7704039433
2026-07-24,70907.3332023981,82940.40613226402,103012.94096409732,105415.04503742224,132098.47933581035,153022.0480972679
2026-07-25,71000.33359937445,82936.36054227632,103573.8812704945,106021.95662732824,132795.5326667151,154374.1158135503
2026-07-26,71457.44006407492,83434.43257249072,104165.90466621103,106490.69541016547,134011.76938822685,155558.21003156799
2026-07-27,71601.07364189159,83639.54428690186,104365.3624997617,106915.43456272797,135121.14100230287,156616.80996114796
2026-07-28,71312.03895901416,84058.51783098716,105012.64817032637,107515.13152235381,135742.54341498594,157240.61555825672
2026-07-29,71506.43535683652,84082.84448357298,105615.58548333048,108120.78254462336,136559.36594957652,158557.7522046141
2026-07-30,71386.09069814299,84373.29445734076,106157.13581208778,108857.39795579358,137695.19385233792,159995.6200223243
2026-07-31,71547.81751374043,84747.46889744671,106681.49832453326,109332.86745794195,138715.43875074372,161690.59378871098
2026-08-01,71582.34506045403,84848.77260656496,107104.00625132454,109804.01998011634,139613.9796223358,163060.6739470654
2026-08-02,71707.61605888016,85010.1711948793,107815.71318536701,110564.36673999016,140348.1088390683,164976.18162510547
2026-08-03,72062.75308562042,85265.58629789349,108531.84734033472,111138.65177015509,141300.10897425184,166045.3195961559
2026-08-04,72128.09266655527,85510.55822057875,108980.56239334066,111722.72660949307,142405.55588430096,167096.9561112763
2026-08-05,72365.26782636202,85851.87983856432,109630.19664867273,112306.27009176424,143531.61130611796,168905.6240055766
2026-08-06,72287.55055226393,86075.59954576603,109960.83721836186,112980.31377737157,144222.40447947916,170386.47226901792
2026-08-07,72570.06863695096,86297.22986021641,110608.68967793517,113497.55732860451,145293.5809012595,171178.87506888626
2026-08-08,72648.84501562433,86657.51327205118,110916.57780520336,113895.94915965956,146356.15061434507,172682.8613449318
2026-08-09,73125.11336527704,86870.9004998291,111607.74542546665,114588.66204755667,147191.0903721906,173596.6747346078
2026-08-10,73214.22567540349,87384.36484611472,112048.26786947557,115091.15177587327,147822.74937354808,175534.4462524556
2026-08-11,73518.70752723802,87683.7290974556,112339.52437435128,115855.92423813358,148821.42045607176,176488.59758667683
2026-08-12,73625.6665621369,87614.18022812551,113176.1714119224,116174.52619057245,150200.29158973356,178402.61082024238
2026-08-13,73790.07842537708,88000.87436625482,113736.54626038478,116892.83197140235,150919.95671545513,180100.99134763412
2026-08-14,74057.81255202125,88446.33236375636,114314.14939244294,117484.43797785426,151586.5846414134,181265.5903620661
2026-08-15,74130.39742702682,88606.53547411156,114880.17733745523,117927.49806723802,152685.17431199353,182717.43371890584
2026-08-16,74420.92896282852,88985.57434991626,115360.822731137,118487.01640345385,154083.79876407736,184137.08996572756
2026-08-17,74312.678738246,89484.35327466323,115931.82042599501,118881.4703123226,154572.65917069121,185515.1569708165
2026-08-18,74644.56349247301,89892.37173592622,116614.86182004737,119538.14034956483,156022.42366038798,186800.7810121822
2026-08-19,75152.20069001046,89999.47179658635,116931.36289615405,120174.19833848723,157417.64436817294,188405.5678329892
2026-08-20,74836.3227136466,90251.96664442067,117705.89493816097,120960.93050490072,158006.571458815,189303.5698566733
2026-08-21,75159.36718772583,90708.8160410638,118312.48347506898,121682.98960945659,159143.67005819787,190250.61508056743
2026-08-22,75419.91789297262,91005.52252213158,118789.0864783057,122055.50865828569,159694.27327726452,192248.81229404782
2026-08-23,75617.27552167495,91468.86827525718,119456.01314686233,122740.89465810331,160977.91892831586,193890.1294494177
2026-08-24,75917.80954597794,91530.86258959536,119962.31274534983,123295.33201530097,162128.79995001937,195517.4966981463
2026-08-25,75992.51599890296,91861.10941280448,120582.9666870749,123855.73488846394,163176.45131675983,197206.676981579
2026-08-26,76113.02783272651,92278.67819180786,121332.15974735649,124671.11152967626,164088.60490288105,198342.05394484056
2026-08-27,76108.98451797575,92523.43452598408,121812.41993124265,125221.28983409487,165815.3914883686,200710.87114334467
2026-08-28,76466.3679182378,93104.50528209268,122428.88215031648,125911.62020919258,166224.0844532767,201080.87892472945
2026-08-29,76254.53990080867,93084.8428032591,123112.33739897115,126710.12459076793,167863.82780659752,203113.27395085263
2026-08-30,76580.03739625843,93342.3652740459,123774.36573110812,127286.49468325946,168569.13642771734,203657.67386893078
2026-08-31,77101.38828072655,93581.26184994917,124350.00270146814,128029.53397031863,170082.55932691958,205835.06748380171
2026-09-01,77319.98516936174,94059.55285411725,124862.69861330114,128471.13303754576,170696.28592500405,206805.0897132654
2026-09-02,77157.34197776127,94529.45402245947,125357.88535634239,129245.03266560337,171733.2412431604,207648.9790174859
2026-09-03,77368.2718440262,95065.75787661364,126004.82118280756,129818.6124203395,172657.15209073672,209907.43932790402
2026-09-04,77458.88328666429,95330.98963482007,126725.63297132534,130512.43618387301,173823.11174108135,212459.7738827972
2026-09-05,77579.38017263325,95759.2976595416,127233.25596266851,131164.49913705976,174794.43381580498,214428.88718958182
2026-09-06,78072.24504497497,96095.45874849195,128073.19624721109,132105.39249547716,175752.87999705237,216185.98023514342
2026-09-07,78248.39567520362,96358.34021329634,128993.63948922022,132925.22347407663,176641.23355815836,218261.10596176222
2026-09-08,78523.0187327852,96631.86198872287,129301.60016897482,133524.57600409293,178103.37213287814,219212.58638374193
2026-09-09,78720.21596057079,97108.72030779382,130088.13565850449,134236.7545456097,179886.03460581778,220979.11528171436
2026-09-10,78721.07094726323,97230.2604815921,130747.50465657964,134718.06030023625,181003.56124571845,221936.1306870425
2026-09-11,79034.80105706773,97801.38760721363,131554.50051679893,135757.68564340504,181934.18306766468,224026.0058962934
2026-09-12,78974.9752031901,97943.60146181638,132250.9698434876,136513.78379734652,183218.03313557102,224948.00103260088
2026-09-13,79368.33807510365,98440.38852708446,133062.1226961362,137452.57539092522,184868.84023607476,227599.26134066784
2026-09-14,79763.51257593225,98821.18557460529,133874.4394958486,138043.24048481407,185953.0068798618,228542.62511497116
2026-09-15,79869.34585689419,99124.78865021444,134192.50174958157,138605.16419958914,186957.64071383848,231322.2672529974
2026-09-16,79868.34450792066,99668.80943313972,134782.7137148164,139381.21823854386,188148.3936325214,232789.1477866049
2026-09-17,79962.54255645722,99948.48227909957,135300.61377605394,139959.8076211907,189214.09772557262,235319.71728342908
2026-09-18,80074.78824533659,100210.35502757107,136079.36182484918,140862.22300530918,190387.51223116057,236914.61925098015
2026-09-19,80296.1766869225,100210.59455571788,137060.99556468945,141253.4737920333,192161.53174449076,238863.46458646993
2026-09-20,80649.63539002943,100892.22826034091,137626.2318618213,142146.98894195337,193297.74456603528,240050.10948572707
2026-09-21,80605.59839817656,100968.98120965125,138110.50782836817,142520.51387455015,194192.34070443318,241577.73979681314
2026-09-22,80990.87197375616,101143.23498803902,138437.22864351762,142946.1353957898,195987.18050406306,244120.2758100597
2026-09-23,81373.31440629202,101548.7906677017,138684.43962683034,143619.74500672036,197028.32387996922,245690.6119757568
2026-09-24,81392.22542578878,101723.43708178295,139377.71833799532,144615.26772288687,198081.88428628023,246932.47348252128
2026-09-25,81399.27021809171,102145.98757121502,140427.35292310442,145194.56595298598,199517.502922567,249144.0591515791
2026-09-26,81695.51454568483,102637.16174188921,140812.962465266,145824.43931316986,200697.3219199404,252304.24827240998
2026-09-27,82090.46137945008,103172.4766313429,141557.99608409603,146577.1649831474,201886.39849427238,253662.38056473885
2026-09-28,82296.1241901413,103619.88840841281,142363.3481341748,147451.53881453484,202558.69067086722,256013.51381699188
2026-09-29,82555.84673524783,103972.18412807837,142891.83009275314,147843.47044058866,204609.29749127026,258462.48224090197
2026-09-30,82663.84555258471,104287.10870853816,143870.85720198674,148984.78237030646,205899.30603227412,259405.25559168513
2026-10-01,83332.11907590028,104652.95530397918,144517.28352663227,149619.05433791585,207682.83593673332,259716.94421914045
2026-10-02,83482.21692593083,105032.52091431925,145530.5418159198,150622.0262548576,207888.0203135976,261941.51591663662
2026-10-03,83724.3041873374,105478.74842667363,146207.84462198068,151385.30824497176,209593.79721275272,263138.18473974965
2026-10-04,84050.98222477578,105802.85801524238,146837.73862491504,151902.88840344117,210791.85017722304,265307.9875484244
2026-10-05,84563.93170240661,105910.87236389762,147350.17505376696,152653.72408176467,212752.150470582,268114.32415810914
2026-10-06,85182.7224294453,106395.12599842217,148117.20926937644,153101.11053502664,213844.72889614027,269733.56684358546
2026-10-07,85228.29351963718,107073.74504905519,149097.98429861633,154173.6862845297,214196.9176107647,271337.36392902565
2026-10-08,84736.2301718994,107449.56412771373,149748.9250928072,154746.81486887916,215684.46952071958,273920.24678399455
2026-10-09,85300.16219921048,107742.23927530777,150581.54151079518,155677.5050577649,217071.16504409883,276759.4573096904
2026-10-10,85849.86193817275,107877.44790935764,151299.25049719645,156426.68059426485,219014.8661199883,278280.16567701055
2026-10-11,86287.45935624297,108336.72033294737,151761.68802447914,157050.3518495198,221453.75734284727,280140.73598128656
2026-10-12,86536.993569746,108874.28525760044,152603.8912620978,157575.2402791085,222664.7233288093,282208.5848894609
2026-10-13,87043.66281973838,109314.42499647848,153069.26521239057,158381.00438817593,224233.47656988626,284070.5209938103
2026-10-14,87309.21888608598,109780.94987915384,153697.50701845004,159365.08010496735,224723.66271736735,286295.18612306163
2026-10-15,87998.60987415364,110414.44125405517,154428.45084256714,160363.29419947314,226608.6984292639,287000.27579286083
2026-10-16,88220.62870928265,110724.59681359015,155493.69209229865,160900.44637317132,227523.36391805962,289001.79418801796
2026-10-17,88279.79262912773,111078.513129702,156246.3811880136,161663.88724800543,228525.46902280484,289413.8511490486
2026-10-18,88714.49236268841,111428.3702473819,156978.26927431382,162282.89180661997,230563.24894038666,292684.05966797634
2026-10-19,88489.54010091141,111980.86717040901,157396.26282214012,163420.77396291232,231432.44240807008,295161.773000347
2026-10-20,88844.0910734151,112482.92254350542,158338.88913151989,164578.17118941332,232078.03843842197,297543.5657437301
2026-10-21,88754.18183102763,112625.86287911463,159275.6284468376,164947.99608204092,233429.00888374058,298824.18937557
2026-10-22,89019.0630666566,113057.16815068625,160037.63376647438,165893.86739998238,236110.78990929198,301349.52338827896
2026-10-23,89518.3927201201,113294.84004080496,161101.40903857758,166916.04595460766,236683.11965028246,303117.0197657387
2026-10-24,89479.27839969845,113701.07589480185,162084.42733566463,168063.4128235196,238337.59363777348,305263.5311162267
2026-10-25,89953.52309330496,114152.05463503444,162706.0872050807,168976.69601019289,239775.8269349416,307134.6355716149
2026-10-26,90379.44025069226,114480.8261836943,163532.4528651041,169716.00637979578,241962.2603251544,309640.5538419322
2026-10-27,90545.39561930469,115012.66624522436,164269.94993558628,170204.93985210953,243045.55852015584,310886.61694762716
2026-10-28,90960.84844926585,115624.58805393819,164977.17254666495,170787.1382266091,244102.36483102935,314763.53988251527
2026-10-29,91242.07323902876,116191.62870062116,165821.86024475523,172077.83393561444,246301.7236322372,316057.76977472566
2026-10-30,91382.21704377691,116441.93243328655,166569.93289315238,172974.13388010065,247391.2601072117,317757.89422639756
2026-10-31,91733.18400204155,117031.04133089169,167388.5521639993,173913.60783239314,249540.18061012268,319306.4991992031
2026-11-01,91960.93030193335,117597.3298849948,168296.84173102866,175089.94491208828,250239.255896802,321695.07575177774
2026-11-02,92273.55742267847,118118.40191352923,169197.32753673283,175678.24860091365,252670.15820829975,322667.0225667183
2026-11-03,92468.22302688447,118551.94530383483,169930.52808915527,176664.88951329543,253832.5655378407,325669.82684062654
2026-11-04,92939.36340759184,118954.33472659215,171410.75083052984,177523.31607193523,254865.6208798662,327771.82666825555
2026-11-05,92870.5097586005,119595.70888474344,171989.5739067108,178593.68405792682,257426.21868611302,329677.9028601964
2026-11-06,93402.68537080297,119708.40825026717,172475.31028287765,178835.17502210292,259315.244074007,332579.867741528
2026-11-07,94048.78585024388,120443.28236320971,173456.29584019867,180067.39179088542,260436.58046304507,335533.47584710555
2026-11-08,94518.36433925317,121050.9657597001,174291.15600516694,180993.12583134524,261672.19076067285,338507.9060590433
2026-11-09,94706.93521991535,121518.85470092835,175477.06724638623,182117.8490345635,263461.7728776283,339695.80192110356
2026-11-10,95331.32361268898,122076.0795156464,176316.0362858499,183216.16364530855,265149.4998392911,343012.98977735767
2026-11-11,95877.49528872759,122500.12744097877,176870.97512643549,184171.97451971323,266772.72968398756,346270.94690044463
2026-11-12,95998.84109375754,122804.13313372363,177944.31795260057,185026.34708485758,268317.68398018205,346081.51212264504
2026-11-13,96650.50785507541,123057.67432079642,179097.87296700446,186371.67618556457,270944.7512456519,348845.6629119975
2026-11-14,96646.8811541785,123668.12404572507,179906.90846175398,187839.68887878198,272441.0279751,352642.52278923884
2026-11-15,96540.630488949,124016.99530743652,180652.10870010479,188503.33496214382,274839.6246876498,354726.953614027
2026-11-16,96905.76817009189,124636.13946650934,182197.2209054449,189758.28840903245,276006.58426705876,357715.7663401714
2026-11-17,97348.68969977001,124964.68264377808,183221.87704602888,190438.61321743092,277857.745008328,359364.692812126
2026-11-18,98220.07783259341,125659.17837220668,183903.27181593244,191425.97496949366,278704.61495536636,360878.9339364254
2026-11-19,98153.58536865936,126083.00225787329,184941.4166372531,192554.80976533543,279739.4045162506,363622.5572452931
2026-11-20,98344.5354055236,126483.35194112205,186459.81967837072,193798.6645275799,281646.61600629345,366937.55391102616
2026-11-21,98709.91809375257,127259.8369874117,186803.48222269386,194648.5967201795,283962.99896779354,369417.1684646397
2026-11-22,99784.30089359642,127865.01592722296,187388.13989020468,195936.359699861,285023.55383130885,371925.6268564324
2026-11-23,100243.39795624674,128302.41981653037,188831.0327037754,196624.9093024295,286923.02688060614,373026.9395779239
2026-11-24,100372.32008366434,128577.73818644114,189597.50433122183,197661.2484826178,289618.15186077234,374015.89519050706
2026-11-25,100035.66809942268,129106.63897023119,190386.22014754286,198087.2291937257,291035.56569946656,378634.05777213303
2026-11-26,100510.61062230557,129804.5562705184,191592.3790775396,199002.67911465428,293204.8016337494,380472.8853266985
2026-11-27,100994.49339995655,130856.54904862806,191968.86045199903,200005.40955218382,294912.8912918722,383977.6619508467
2026-11-28,101864.76293997075,131105.55445561398,193030.74010907492,200681.29469478704,297862.21359340864,385613.96073156374
2026-11-29,101892.11074995874,131619.78903279634,194198.85049046672,202280.3378550611,299232.7172104467,391316.37593186926
2026-11-30,102083.52215236032,132020.78868870006,195261.7030409058,203990.65406390873,300828.1657399095,393219.6162953604
2026-12-01,102362.89491281766,132358.8503822506,196355.46008763555,204647.5170858558,301719.461537331,398015.7125573217
2026-12-02,102479.41160674395,132957.5969059512,197331.9437690649,205890.72438332695,303968.1375229843,398262.077951594
2026-12-03,103514.70555862728,133275.67557483682,198420.81668516976,206437.67647114708,305967.19403210643,401314.7275428924
2026-12-04,103751.95532039888,134357.45367028515,199250.13235193808,207748.2534082578,308890.0622057176,403788.4718213435
2026-12-05,103776.34345627442,135348.08724729298,200866.9658908759,208896.1563262846,309334.27471108676,405825.0278074349
2026-12-06,103997.72679508069,135807.94287488202,201394.750456671,210096.06425714045,311055.9581337857,409607.92914638575
2026-12-07,104323.75534066303,136367.86387454363,202223.92637420775,211118.4986835925,312853.80354297993,412894.1967989137
2026-12-08,104412.63759911829,136656.41954252127,202993.04476510372,211890.5549005304,315942.53382873023,415466.60441687074
2026-12-09,104783.715405126,137321.65258229652,204256.7293614351,213086.9278871757,318126.63344665885,417553.24273149646
2026-12-10,104943.87841794355,138023.42482287347,205025.2257051609,213676.2336970345,319358.86604961636,420514.33429428743
2026-12-11,105760.60557149333,138810.05860354035,206141.30803130375,215190.90600555914,320911.2688650865,421412.2012958698
2026-12-12,106082.47353857508,138888.16806535225,207090.5939414093,215799.2513617261,322392.6875967007,426928.04758669593
2026-12-13,106584.16191247609,139397.09783996615,207928.08368091338,216490.39964563775,325268.07862554205,427571.6582520883
2026-12-14,106973.93943299423,140392.96481521582,209320.00780024767,217949.13521514778,326341.5824379847,431359.31240041263
2026-12-15,106724.78454124798,141015.35449989728,209993.38710382697,219078.51256320567,328776.75628553337,433544.02227303403
2026-12-16,107218.41601906763,141515.857723062,211508.07810063858,220722.15614896268,330052.1328620046,436215.45781902305
2026-12-17,107037.15522534605,142074.7897719446,212529.7775923875,221797.63328609898,332563.9457680318,437359.141592011
2026-12-18,107599.36035662904,142560.08248340862,213816.81564736384,222852.50417515324,333980.395116979,444844.1103899836
2026-12-19,108373.47930376389,143790.18835696133,214946.1323386361,224052.8023265106,336521.6472447874,444513.4730568328
2026-12-20,108715.99044287456,144029.38560532153,215886.84133083205,225360.42755773923,338315.25500942144,446499.08908080444
2026-12-21,108958.33308344454,144511.8089741248,217062.814665002,226631.2642993957,340795.5497151722,452751.88901107066
2026-12-22,109385.96026813728,145532.18628928543,218379.01301530565,227635.305241567,342332.29495954193,455527.1345430951
2026-12-23,109474.55674431218,145810.06143915004,219305.6079696882,228811.48255445636,345328.60928189184,458162.4075921695
2026-12-24,109883.31595454064,145846.82199990086,220206.6038666227,230334.01166106432,346818.4852853884,459814.8855834042
2026-12-25,110481.31819059,146401.15326984695,221506.8690661194,231159.8978943142,349222.06788917835,461992.83236208785
2026-12-26,111269.38959712106,147192.93620128266,222228.91272468443,232308.4859037513,351816.3781932583,464163.1868434503
2026-12-27,111177.67688554061,147996.9050390362,223959.84577534712,233766.8232477955,354198.5078674066,467078.6226030107
2026-12-28,112133.11806398303,148831.0717539795,224971.76046136778,235589.58593783632,355417.2700946371,469440.4651687163
2026-12-29,112679.24807039196,149348.2424397089,226221.88334713987,236476.22667788755,357836.1424734307,472932.05220556265
2026-12-30,112737.35071033258,149544.55198552742,227835.90088479363,238501.80893710215,360227.8124154091,477435.4252842923
2026-12-31,113097.22906301556,150558.16665897061,228701.79872279678,239640.76130632887,361648.3947053743,478511.0188627763
2027-01-01,113936.6644611856,150941.83294618045,230156.75246745933,241267.72037967262,364252.8060088249,481927.82477572554
2027-01-02,114246.66287905746,151604.4900634382,230742.31154536683,242246.96293455173,366430.43540830666,486210.1645401128
2027-01-03,114801.57650084556,152096.36142582857,232556.00773791986,243069.21259827676,367317.57529754593,487307.2962647383
2027-01-04,114874.3299164407,153156.1176542067,233848.59756305788,244729.3362008303,369999.25564293284,490466.09400440264
2027-01-05,114991.94762797026,153720.4079357046,234774.48390255545,245807.25029933365,373151.1445127046,492748.3240639632
2027-01-06,115360.07640185069,153717.55674853545,235747.23023836964,246935.0647057548,374684.52103317995,497877.5248562067
2027-01-07,115914.25781633095,155569.82831250326,237107.80630714644,247976.52577467193,377486.41554245754,501836.4956708855
2027-01-08,116355.87533600883,155803.38181846883,238323.8325533454,248733.63659227267,380493.44208667113,504610.79158429534
2027-01-09,117176.93018279783,156524.63063926046,239381.09671057845,250102.14130230527,382531.51264466596,508843.6532590539
2027-01-10,116603.56793132663,156733.1154913148,240816.62734018522,251421.6489763163,385866.8466950068,509831.4152829695
2027-01-11,117571.59619756122,157248.42812232478,241778.61101380817,252639.3113942949,387071.26450118364,511935.11553655687
2027-01-12,118181.93020843863,157745.1935683329,243142.7795273552,253856.38797127642,390006.6532243426,517953.54108852695
2027-01-13,118197.65608660046,158418.07941938523,243467.1686226914,255162.3892689565,392463.2356442257,520006.5079799793
2027-01-14,118092.15245612645,158719.98878216196,244957.59904118965,255929.62714594725,395460.26874102454,524818.3769819546
2027-01-15,118516.53641889314,159185.40631895573,246527.3441293152,257987.87992405266,397023.4628359149,530002.7329822445
2027-01-16,119545.15736957647,160493.55450693975,247540.61306835274,259645.20118983823,401085.3438498966,534577.5366847876
2027-01-17,119879.7947966673,161014.86953706894,249323.89223347395,260465.14456103535,401727.2378783843,538674.9177878815
2027-01-18,119776.96729134764,161082.64947343717,250260.7879439777,261254.97180557615,403894.2024918453,543440.9454302432
2027-01-19,119610.66140591148,162240.2453892778,250942.88133777067,262307.1125671495,405624.3438546904,545853.4828428605
2027-01-20,120843.51253812714,162985.67677117605,252204.44203526064,264068.3796410105,408515.31676384545,550123.263546985
2027-01-21,121809.14601726817,163707.84800233846,253898.8155186714,265783.3570400204,412975.09466065,555383.090684822
2027-01-22,122514.54390600127,164285.51306259545,255945.10559068984,267895.9259246178,415519.1307488082,556401.3799115347
2027-01-23,122397.52262287326,164630.0841803627,257334.18235743634,270260.4467222651,418811.91895677225,560988.574602693
2027-01-24,123059.06817149832,165143.1054315659,258261.43877397664,270878.0080438948,420956.1047067129,562657.6004477122
2027-01-25,123725.24815164498,165365.34471852335,259203.16624568848,271615.1605868153,421504.3552630414,567543.0668678915
2027-01-26,123010.14368836251,166537.62402684815,260671.37621061396,273256.4570742934,423529.57405489584,574517.5300682342
2027-01-27,123812.57243575074,167094.56844418895,261739.63411606418,274560.4585121811,426277.52806979447,576731.294765266
2027-01-28,124179.22111922759,167568.95121702223,263231.15361956495,276552.29226265603,428656.03914826986,578933.1454046303
2027-01-29,124640.12284472474,168468.61171910266,264047.59056132915,278043.97854417824,431402.1708275267,581273.6278618337
2027-01-30,125221.78116823836,169506.3036531546,265291.19292945595,279043.07273245684,433030.2739143925,588911.5742504663
2027-01-31,125162.63048895376,170136.97095661314,267289.1389704653,280312.3050471828,436727.80089906836,593803.4766406401
2027-02-01,124939.38995082046,170722.16002405927,268350.3022359968,281765.99778974,438404.9859250322,599592.5626291613
2027-02-02,125432.22814914868,171690.1395024786,270391.8115884245,283348.7560167261,442517.80652555707,600481.6733458574
2027-02-03,125999.22111524214,172401.38946182255,271585.5886498159,284014.3937461483,444116.23045168526,606104.5033938034
2027-02-04,126434.35144465022,173503.72204498493,272372.09319206415,285906.232874529,448246.28066136193,605779.7142220553
2027-02-05,126691.14567529452,174262.07953237393,273557.92040793295,288258.96849831037,452106.62425681285,607018.6833132136
2027-02-06,127559.08670780796,174491.96217989444,274758.32567985804,288454.82170460507,453928.62252566713,611947.1407007065
2027-02-07,127919.08952545738,175422.9398123644,275660.3656607699,289312.25815239985,456453.7521244386,618187.691429381
2027-02-08,128806.92414712164,175429.35659246397,278029.6402904826,290687.45576099417,459226.62087350385,622687.2583269709
2027-02-09,129744.19505246975,176099.54938600847,278671.57659845933,292180.4839285385,462700.3602776075,628014.7528089804
2027-02-10,129513.7062636593,177121.93408365163,278921.2271096909,293253.7748559811,464580.9664156142,631204.0601427095
2027-02-11,130910.90083307259,177240.83850504,281096.1552030375,295678.94324949215,465443.1384910454,635144.1086794463
2027-02-12,131464.7047386349,178319.17277779878,282390.75734692835,296692.6393935611,468627.1131459262,637184.876428498
2027-02-13,131703.377801465,179336.2589335422,284059.50155834545,298494.89649845875,469872.5241015698,643580.2029071492
2027-02-14,131639.17260327775,179898.34629616138,285063.8226270986,299732.34141143895,474215.9253696356,648922.3073568146
2027-02-15,132647.99911673632,180395.8313638447,286823.88608715474,300846.863118429,477747.8191870974,650480.3109888468
2027-02-16,132810.84232500725,181044.3721535075,288285.4437948806,302268.58330503106,479735.6799860187,655954.718901647
2027-02-17,132355.010766692,183093.55744462536,289780.35559503606,303960.08598639147,480780.37168823386,659891.4619865111
2027-02-18,133462.66026278766,183209.0885066797,291273.33419225103,306027.72553026414,485427.05326443195,658434.9010306541
2027-02-19,134026.1842002416,184123.0022543749,292925.0702860797,307457.9469626059,487562.170733294,665743.9639874464
2027-02-20,134562.01849240292,184954.03157052782,293562.5369399807,308758.7206612185,491259.68385754054,668404.1576611063
2027-02-21,135508.9685334932,185914.10365464873,294990.26384439034,310255.6087283843,493799.5147573732,671146.9793648465
2027-02-22,135314.50638435324,186950.6932167283,296872.3776468562,311872.54007474077,496121.8188207637,676961.9080854225
2027-02-23,136111.57943900872,187568.73176697516,298197.8120829277,313809.1725966291,497696.84376724967,683155.7674437343
2027-02-24,136002.62480926307,187793.7798396746,300011.9024121624,314547.43719141197,498840.1950156115,687184.851399358
2027-02-25,137426.57370808738,189128.67321272078,301041.75897870475,316480.9223201069,501823.4307706537,691548.9080694339
2027-02-26,137797.5075733603,189215.05403722482,302904.21970817045,318440.689563588,505735.75308502285,694741.2687285154
2027-02-27,138663.70093872238,190172.0494962323,304438.2140994016,319891.64824559435,509473.87324706727,702048.9889022391
2027-02-28,139192.19135206015,191542.14517308545,306425.06073319237,321514.35217968654,512612.5804097934,704350.3308884178
2027-03-01,139744.71020105682,192221.29828395866,308027.91860885255,323535.1263600849,514378.90771052113,711536.1956908946
2027-03-02,139369.15431296465,193359.98476942116,308809.3792725703,325026.4281504672,518641.52134652104,715566.7270744473
2027-03-03,140243.99810648084,194138.5691107597,310830.0468287503,326012.3127471077,521521.0196886948,721850.7455605913
2027-03-04,139935.14937845973,195002.69707544183,311969.28773767554,329083.26134413783,523957.3845739808,726851.2831425138
2027-03-05,140874.03541196793,196074.3993772797,314076.7422051535,330614.2455342775,528363.6812280667,731620.0942643522
2027-03-06,141081.44276343693,196389.25287236538,315220.2240640887,331585.2873053043,529847.2886962724,736597.4848519667
2027-03-07,142403.06520634005,196535.80229747033,318577.421619124,333677.6696682145,534175.6884614984,739424.234634123
2027-03-08,142245.06720332333,197792.67873766783,319155.0680350725,334205.02634190617,538182.2891777768,746098.3865428111
2027-03-09,143056.4590518307,198372.76929238575,320938.8741646496,336088.0183496704,541478.1169389175,749523.2109992506
2027-03-10,143796.97844400987,199016.4870856573,322537.6791493424,337520.1543953108,547106.5526517342,755497.4957247624
2027-03-11,143894.88481097785,199707.6518444885,323975.6220931231,340214.6701161748,552159.822526535,762454.7121979034
2027-03-12,145022.3137183085,200206.562895089,325386.03998389473,341686.53814487474,555255.1777546976,768539.3562421458
2027-03-13,145089.7242779068,200815.08696625964,327631.8654127138,344063.5523314944,560116.8472945414,775205.8776785004
2027-03-14,145235.69512509633,201824.20504223384,328961.61775655235,345488.0395634218,559902.7810945505,781213.8950863976
2027-03-15,146013.20289189508,203263.19544500014,330413.01237935974,347355.1683694864,562676.5712757212,783440.042193216
2027-03-16,146200.00800135353,203934.45624245307,333139.97157698,349071.7707143724,564345.4469360096,786460.8386092456
2027-03-17,147444.35980299328,204892.4746069572,333882.84551458916,350536.72065590863,568226.8696072565,790049.4100542982
2027-03-18,148207.65898794407,205757.7754692896,335872.48963041464,352464.2135063189,572968.0702759649,798402.7597061435
2027-03-19,147911.77611565165,206945.59457302728,336598.12709461135,354887.9679541057,574842.6404659819,807634.5860914404
2027-03-20,148791.51806200558,207790.53778812045,338850.1688195212,356681.236662146,579665.1509956433,810776.1552272043
2027-03-21,149171.16013427122,207847.05052103492,340452.7978876714,358247.2687066346,581586.1957790832,814178.8286516385
2027-03-22,149697.45201142,208856.94241167099,341676.59711485385,359607.9918445598,586784.4108061488,821316.48825537
2027-03-23,150412.34252286272,209590.38224299348,343102.4782460699,361167.80198988237,589908.177690364,828953.0536417827
2027-03-24,151911.3899276323,210623.93665623543,344593.53562488157,363585.7574687127,594089.2720630562,832047.3546297234
2027-03-25,151855.62415195102,211927.92398218985,346322.3501323551,365219.42020358786,597767.4120839593,839603.012680693
2027-03-26,152559.76010202942,212935.46630540464,348131.2455382515,368327.93183601496,600919.5508956368,844971.1924697938
2027-03-27,152750.685425122,213810.14462006063,350739.2567430676,369854.5898019842,604429.9520737878,850634.2899531949
2027-03-28,152818.13747036437,214554.63237495732,352440.3509284209,371105.3407345258,605986.2514327089,853546.4067683284
2027-03-29,154006.8797521118,215603.35975493878,355380.47748833155,372568.08292073075,609196.4415770846,853510.2652486336
2027-03-30,155048.76677430535,217162.4324179982,356231.7527404047,375746.19090739376,612274.8014072038,866821.9685907111
2027-03-31,155059.34447933585,218154.21157563923,358597.3404139495,376862.0509117452,615942.2367698312,867852.9721644695
2027-04-01,155301.80006478468,218513.37778785278,360488.1362982415,377993.1023244015,622067.8154996472,875678.4421202394
2027-04-02,156361.40030588483,219267.28842881718,362630.466157507,380689.8508010121,627611.6490620458,885781.8826049039
2027-04-03,157050.24158210584,220024.67252232437,364044.34265181125,381716.90070106747,631713.3151107762,885285.9785036355
2027-04-04,157972.14825966343,221246.54753614782,365022.07606552745,383604.0362800533,633011.070634348,889508.9926808751
2027-04-05,158641.6609786049,222012.87689067368,365771.8219341006,386730.62490535347,635835.6164869216,893198.9056360862
2027-04-06,159111.93339722118,223542.2723916419,369002.50502588047,387722.58453504404,638657.1488333165,904194.925910225
2027-04-07,159578.71355204695,223432.7962611698,370592.84411431407,390808.9172041328,641526.4020516926,916430.2890253721
2027-04-08,159713.449009548,224953.6215511581,372222.7928541305,393586.8995670637,645800.9529381043,919930.2828781359
2027-04-09,160258.93201104683,227076.69980408144,374551.16412448883,395035.9537919309,647699.921772633,927827.8337020004
2027-04-10,161020.04522335719,227411.69348983772,376313.76821541635,397929.9551436103,652326.4249075978,932669.5808267025
2027-04-11,161090.56902000008,229148.33217259723,377944.9384107961,399149.7857127635,656137.676365636,932446.355090302
2027-04-12,162298.64834886708,229590.63405629894,380491.1708198329,401809.36328026635,657782.7725442015,936632.4694043342
2027-04-13,162441.87402703258,230566.4456310853,382103.92844805605,403380.8178617967,663213.0969234762,946498.3451771598
2027-04-14,163242.67053081215,231568.45708900917,385000.6829427847,405403.3262402561,669005.6731662469,954507.9025999367
2027-04-15,163884.53964306996,232374.65999490002,386410.21778982115,408318.9069479281,673150.888543478,961886.8033110622
2027-04-16,163972.62959245528,233389.86422954794,387960.5506037503,409573.1240114902,675588.8730545252,964798.9795024216
2027-04-17,165029.32483703727,234165.51936429396,390431.87749674474,409879.1324347427,680304.034842737,975647.047239373
2027-04-18,166206.31384683665,235408.0622495107,391647.2444926028,411917.60542036913,683609.4460552072,981387.9001573488
2027-04-19,166447.9824887592,236716.45476034118,393331.88804217486,414517.79687536357,689058.8494644985,986146.6684360983
2027-04-20,167376.33325043105,237199.57742637643,393912.41173485457,417345.4645286452,690101.6683735151,990010.8286504452
2027-04-21,167242.54935418023,237466.21109977874,397926.1313121094,418661.25459408364,694044.7595410476,994279.4631751243
2027-04-22,167691.1015992403,238162.6577549024,399419.124463159,420292.4190495119,698100.8756851687,1003924.1250295157
2027-04-23,168531.70045542438,239470.64409578737,401291.1323476021,423630.33444610186,703243.3492280896,1004563.4372672848
2027-04-24,169601.34171258454,239913.68099536866,403456.8761847193,425397.67799259286,706100.2518045438,1005050.0812229199
2027-04-25,169343.30766780712,240900.90631781926,405796.9375429326,427351.5889075936,710069.0140727059,1017130.7284654594
2027-04-26,169339.88432386096,242321.6738626648,409026.9125310043,430294.4672338937,713050.554250717,1021685.7694852466
2027-04-27,171001.6174808792,242349.19595638214,409109.2054951368,432734.0486920607,718162.2574465206,1028478.1313200571
2027-04-28,171850.16311864532,244110.43261784673,412042.7613437961,434580.9324364793,723614.7068681618,1038395.6248090072
2027-04-29,171307.9319830722,245576.21956155286,414728.6260475919,436532.3711050409,727024.5786542664,1040814.6247464698
2027-04-30,172780.35703256883,245715.67561879195,415922.77877384564,438885.4048175151,733098.7961356803,1041597.3792776167
2027-05-01,173768.98364058192,246689.47363501522,417315.4808808592,440704.5195507454,736534.7925952204,1049169.328734151
2027-05-02,174362.14816176213,247554.429918922,420134.82077812834,442706.7575513204,740110.047896191,1054544.7720106002
2027-05-03,174368.79985546554,248751.72647785934,422574.13185850973,445329.37770826975,745789.4614696691,1056747.5625653963
2027-05-04,176173.24646879398,249967.10413653468,425327.22052586917,448048.9186763886,750386.0031234887,1061130.4056554495
2027-05-05,176503.65233119924,251491.5016729315,426166.78043804585,449102.021331901,755993.4690942524,1074375.0475453518
2027-05-06,177754.41933980578,251950.9952412398,428559.1172783942,452885.89072993357,758485.5909723175,1077430.3447208798
2027-05-07,178767.7550781733,253652.04069516092,430543.9956896694,454722.1905362298,768877.2123704095,1080848.1729647212
2027-05-08,179909.841753402,254313.9470912122,432961.7161366898,457936.2765013224,772075.7345424669,1089129.9999603545
2027-05-09,180270.71342936886,255330.28348427932,435090.659911263,459796.079671039,776419.4974061124,1093744.332905974
2027-05-10,179951.72512903722,256284.8143584301,437652.24258110503,462402.0049295487,780436.4402651737,1103463.9789298833
2027-05-11,180428.37185616308,257553.60388450156,438944.0183263123,465102.5632367752,783441.0574215045,1112480.4741584528
2027-05-12,181597.87171021505,258565.49891720296,442180.45357770193,468190.70133370033,786850.2060779673,1120554.9476322911
2027-05-13,183284.1125792886,259863.32561257607,444438.06385419756,469691.0220796351,790422.7343334306,1124902.0257184177
2027-05-14,184408.75187403747,261592.4795511111,447036.4506402395,471199.86506719125,794031.742875586,1131135.9847144806
2027-05-15,185466.994668593,261913.12201776146,449037.73538558086,474395.30035403057,797326.491087447,1139743.9724001638
2027-05-16,185425.83920305865,263427.7584333537,450671.9906780249,477505.3608092409,805742.9922070482,1145129.9425823954
2027-05-17,185864.8975766929,264886.8924254573,452597.2933218733,480080.40843824204,809501.462947037,1152274.5155348827
2027-05-18,186137.2553926313,266506.1190524578,456373.33245425165,482075.0599922676,814712.6408067113,1166587.552872717
2027-05-19,186429.68222568237,265877.44590195076,458393.0901048391,484113.68572133133,818767.446032124,1170829.4937744318
2027-05-20,186916.50167886712,267302.59575407126,461373.8942089289,487462.62019297545,825498.6092097369,1178319.0262979886
2027-05-21,187610.95669614343,268366.8476664476,463433.38544882374,489447.0715146696,828651.9666376131,1183292.0842149726
2027-05-22,188808.68810353315,269936.06352724734,464991.41946894064,493209.78376649076,832493.1626407306,1187279.1715898998
2027-05-23,189384.8505977715,271023.42793794256,468217.0229744678,495195.71153539926,841801.5580254064,1200288.2352879744
